10126,30079,Conecuh National Forest,alabama,https://www.fs.usda.gov/alabama,"29,31,33",https://www.fs.usda.gov/activity/alabama/recreation/camping-cabins
10236,30079,Talladega National Forest,alabama,https://www.fs.usda.gov/alabama,"29,31,33",https://www.fs.usda.gov/activity/alabama/recreation/camping-cabins
10241,30079,Tuskegee National Forest,alabama,https://www.fs.usda.gov/alabama,"29,31,33",https://www.fs.usda.gov/activity/alabama/recreation/camping-cabins
10252,30079,William B. Bankhead National Forest,alabama,https://www.fs.usda.gov/alabama,"29,31,33",https://www.fs.usda.gov/activity/alabama/recreation/camping-cabins
10094,6083,Allegheny National Forest,allegheny,http://www.fs.usda.gov/allegheny,"29,31,33,34,101",https://www.fs.usda.gov/activity/allegheny/recreation/camping-cabins
10095,41672,Angeles National Forest,angeles,http://www.fs.usda.gov/angeles,"29,31,33,101",https://www.fs.usda.gov/activity/angeles/recreation/camping-cabins
10098,41619,Apalachicola National Forest,apalachicola,http://www.fs.usda.gov/apalachicola,"29,31,33,34",https://www.fs.usda.gov/activity/apalachicola/recreation/camping-cabins
10099,28024,Arapaho and Roosevelt National Forests,arp,http://www.fs.usda.gov/arp,"29,31,33,34,101",https://www.fs.usda.gov/activity/arp/recreation/camping-cabins
10203,28024,Pawnee National Grassland,arp,https://www.fs.usda.gov/arp,"29,31,33,34,101",https://www.fs.usda.gov/activity/arp/recreation/camping-cabins
10100,72131,Ashley National Forest,ashley,http://www.fs.usda.gov/ashley,"29,31,33,34,101",https://www.fs.usda.gov/activity/ashley/recreation/camping-cabins
10097,44617,Apache-Sitgreaves National Forests,asnf,http://www.fs.usda.gov/asnf,"29,31,33,34,101",https://www.fs.usda.gov/activity/asnf/recreation/camping-cabins
10101,5659,Beaverhead-Deerlodge National Forest,bdnf,http://www.fs.usda.gov/bdnf,"29,31,33,34,101",https://www.fs.usda.gov/activity/bdnf/recreation/camping-cabins
10103,30352,Bighorn National Forest,bighorn,http://www.fs.usda.gov/bighorn,"29,33,34,101",https://www.fs.usda.gov/activity/bighorn/recreation/camping-cabins
10104,60222,Bitterroot National Forest,bitterroot,http://www.fs.usda.gov/bitterroot,"29,31,33,101",https://www.fs.usda.gov/activity/bitterroot/recreation/camping-cabins
10105,25823,Black Hills National Forest,blackhills,http://www.fs.usda.gov/blackhills,"29,31,33,34,101",https://www.fs.usda.gov/activity/blackhills/recreation/camping-cabins
10107,5026,Boise National Forest,boise,http://www.fs.usda.gov/boise,"101,29,33",https://www.fs.usda.gov/activity/boise/recreation/camping-cabins
10108,71389,Bridger-Teton National Forest,btnf,http://www.fs.usda.gov/btnf,"101,29,34,33",https://www.fs.usda.gov/activity/btnf/recreation/camping-cabins
10112,44054,Carson National Forest,carson,http://www.fs.usda.gov/carson,"29,34,33,31",https://www.fs.usda.gov/activity/carson/recreation/camping-cabins
10116,34864,Cherokee National Forest,cherokee,http://www.fs.usda.gov/cherokee,"101,29,34,33,31",https://www.fs.usda.gov/activity/cherokee/recreation/camping-cabins
10117,26620,Chippewa National Forest,chippewa,http://www.fs.usda.gov/chippewa,"29,34,31",https://www.fs.usda.gov/activity/chippewa/recreation/camping-cabins
10118,4832,Chugach National Forest,chugach,http://www.fs.usda.gov/chugach,"101,29,34",https://www.fs.usda.gov/activity/chugach/recreation/camping-cabins
10106,64042,Black Kettle National Grassland,cibola,https://www.fs.usda.gov/cibola,"29,34,33,31",https://www.fs.usda.gov/activity/cibola/recreation/camping-cabins
10119,64042,Cibola National Forest,cibola,http://www.fs.usda.gov/cibola,"29,34,33,31",https://www.fs.usda.gov/activity/cibola/recreation/camping-cabins
10166,64042,Kiowa National Grassland,cibola,https://www.fs.usda.gov/cibola,"29,34,33,31",https://www.fs.usda.gov/activity/cibola/recreation/camping-cabins
10182,64042,McClellan Creek National Grassland,cibola,https://www.fs.usda.gov/cibola,"29,34,33,31",https://www.fs.usda.gov/activity/cibola/recreation/camping-cabins
10210,64042,Rita Blanca National Grassland,cibola,https://www.fs.usda.gov/cibola,"29,34,33,31",https://www.fs.usda.gov/activity/cibola/recreation/camping-cabins
10121,47396,Cleveland National Forest,cleveland,http://www.fs.usda.gov/cleveland,"29,33,31",https://www.fs.usda.gov/activity/cleveland/recreation/camping-cabins
10115,27717,Chequamegon-Nicolet National Forest,cnnf,http://www.fs.usda.gov/cnnf,"101,29,34,33,31",https://www.fs.usda.gov/activity/cnnf/recreation/camping-cabins
10122,54884,Coconino National Forest,coconino,http://www.fs.usda.gov/coconino,"101,29,34,33",https://www.fs.usda.gov/activity/coconino/recreation/camping-cabins
10124,67800,Colville National Forest,colville,http://www.fs.usda.gov/colville,"101,29,34,33,31",https://www.fs.usda.gov/activity/colville/recreation/camping-cabins
10114,10454,Chattahoochee-Oconee National Forests,conf,http://www.fs.usda.gov/conf,"101,29,34,33,31",https://www.fs.usda.gov/activity/conf/recreation/camping-cabins
10127,43345,Coronado National Forest,coronado,http://www.fs.usda.gov/coronado,"101,29,34,33,31",https://www.fs.usda.gov/activity/coronado/recreation/camping-cabins
10123,29872,Columbia River Gorge National Scenic Area,crgnsa,https://www.fs.usda.gov/crgnsa,"29,33",https://www.fs.usda.gov/activity/crgnsa/recreation/camping-cabins
10111,53653,Caribou-Targhee National Forest,ctnf,http://www.fs.usda.gov/ctnf,"101,29,34,33,31",https://www.fs.usda.gov/activity/ctnf/recreation/camping-cabins
10130,53653,Curlew National Grassland,ctnf,https://www.fs.usda.gov/ctnf,"101,29,34,33,31",https://www.fs.usda.gov/activity/ctnf/recreation/camping-cabins
10131,5566,Custer Gallatin National Forest,custergallatin,http://www.fs.usda.gov/custergallatin,"101,29,34,33,31",https://www.fs.usda.gov/activity/custergallatin/recreation/camping-cabins
10132,39314,Daniel Boone National Forest,dbnf,https://www.fs.usda.gov/dbnf,"101,29,34,33,31",https://www.fs.usda.gov/activity/dbnf/recreation/camping-cabins
10136,38280,Deschutes National Forest,deschutes,http://www.fs.usda.gov/deschutes,"101,23,33,31",https://www.fs.usda.gov/activity/deschutes/recreation/camping-cabins
10137,24780,Dixie National Forest,dixie,http://www.fs.usda.gov/dixie,"101,29,34,33,31",https://www.fs.usda.gov/activity/dixie/recreation/camping-cabins
10113,79451,Cedar River National Grassland,dpg,http://www.fs.usda.gov/dpg,"29,34,33,31",https://www.fs.usda.gov/activity/dpg/recreation/camping-cabins
10151,79451,Grand River National Grassland,dpg,https://www.fs.usda.gov/dpg/,"29,34,33,31",https://www.fs.usda.gov/activity/dpg/recreation/camping-cabins
10175,79451,Little Missouri National Grassland,dpg,https://www.fs.usda.gov/dpg,"29,34,33,31",https://www.fs.usda.gov/activity/dpg/recreation/camping-cabins
10228,79451,Sheyenne National Grassland,dpg,https://www.fs.usda.gov/dpg,"29,34,33,31",https://www.fs.usda.gov/activity/dpg/recreation/camping-cabins
10139,71008,Eldorado National Forest,eldorado,http://www.fs.usda.gov/eldorado,"101,29,33",https://www.fs.usda.gov/activity/eldorado/recreation/camping-cabins
10138,43377,El Yunque National Forest,elyunque,http://www.fs.usda.gov/elyunque,"34,33",https://www.fs.usda.gov/activity/elyunque/recreation/camping-cabins
10141,12103,Fishlake National Forest,fishlake,http://www.fs.usda.gov/fishlake,"101,29,34,33,31",https://www.fs.usda.gov/activity/fishlake/recreation/camping-cabins
10142,66162,Flathead National Forest,flathead,http://www.fs.usda.gov/flathead,"101,29,34,33",https://www.fs.usda.gov/activity/flathead/recreation/camping-cabins
10145,59671,Fremont-Winema National Forest,fremont-winema,http://www.fs.usda.gov/fremont-winema,"101,29,34,33,31",https://www.fs.usda.gov/activity/fremont-winema/recreation/camping-cabins
10148,31178,Gifford Pinchot National Forest,giffordpinchot,http://www.fs.usda.gov/giffordpinchot,"101,29,34,33,31",https://www.fs.usda.gov/activity/giffordpinchot/recreation/camping-cabins
10188,31178,Mount St. Helens National Volcanic Monument,giffordpinchot,https://www.fs.usda.gov/giffordpinchot,"101,29,34,33,31",https://www.fs.usda.gov/activity/giffordpinchot/recreation/camping-cabins
10149,1958,Gila National Forest,gila,http://www.fs.usda.gov/gila,"29,34,33,31",https://www.fs.usda.gov/activity/gila/recreation/camping-cabins
10152,64897,Green Mountain and Finger Lakes National Forests,gmfl,http://www.fs.usda.gov/gmfl,"29,34,33,31",https://www.fs.usda.gov/activity/gmfl/recreation/camping-cabins
10150,32366,"Grand Mesa,  Uncompahgre and Gunnison National Forests",gmug,http://www.fs.usda.gov/gmug,"101,29,34,33,31",https://www.fs.usda.gov/activity/gmug/recreation/camping-cabins
10146,73539,George Washington and Jefferson National Forests,gwj,http://www.fs.usda.gov/gwj,"101,29,34,33,31",https://www.fs.usda.gov/activity/gwj/recreation/camping-cabins
10156,13267,Hiawatha National Forest,hiawatha,http://www.fs.usda.gov/hiawatha,"101,23,34,33",https://www.fs.usda.gov/activity/hiawatha/recreation/camping-cabins
10154,62827,Helena-Lewis and Clark National Forest,hlcnf,http://www.fs.usda.gov/hlcnf,"101,29,34,33,31",https://www.fs.usda.gov/activity/hlcnf/recreation/camping-cabins
10161,18536,Huron-Manistee National Forest,hmnf,http://www.fs.usda.gov/hmnf,"29,34,33,31",https://www.fs.usda.gov/activity/hmnf/recreation/camping-cabins
10159,41466,Hoosier National Forest,hoosier,http://www.fs.usda.gov/hoosier,"101,29,34,33,31",https://www.fs.usda.gov/activity/hoosier/recreation/camping-cabins
10160,65158,Humboldt-Toiyabe National Forest,htnf,http://www.fs.usda.gov/htnf,"29,34,33,31",https://www.fs.usda.gov/activity/htnf/recreation/camping-cabins
10163,20228,Inyo National Forest,inyo,http://www.fs.usda.gov/inyo,"29,34,33,31",https://www.fs.usda.gov/activity/inyo/recreation/camping-cabins
10162,6762,Idaho Panhandle National Forests,ipnf,http://www.fs.usda.gov/ipnf,"191,29,34,33,31",https://www.fs.usda.gov/activity/ipnf/recreation/camping-cabins
10165,11652,Kaibab National Forest,kaibab,http://www.fs.usda.gov/kaibab,"101,29,34,33",https://www.fs.usda.gov/activity/kaibab/recreation/camping-cabins
10167,34613,Kisatchie National Forest,kisatchie,http://www.fs.usda.gov/kisatchie,"29,33,31",https://www.fs.usda.gov/activity/kisatchie/recreation/camping-cabins
12875,13053,Butte Valley National Grassland,klamath,https://www.fs.usda.gov/klamath,"29,34,33,31",https://www.fs.usda.gov/activity/klamath/recreation/camping-cabins
10168,13053,Klamath National Forest,klamath,http://www.fs.usda.gov/klamath,"29,34,33,31",https://www.fs.usda.gov/activity/klamath/recreation/camping-cabins
10169,43369,Kootenai National Forest,kootenai,http://www.fs.usda.gov/kootenai/,"101,29,34,33,31",https://www.fs.usda.gov/activity/kootenai/recreation/camping-cabins
10172,11252,Lassen National Forest,lassen,http://www.fs.usda.gov/lassen,"101,29,34,33,31",https://www.fs.usda.gov/activity/lassen/recreation/camping-cabins
10174,34166,Lincoln National Forest,lincoln,http://www.fs.usda.gov/lincoln,"29,34,33,31",https://www.fs.usda.gov/activity/lincoln/recreation/camping-cabins
10176,10257,Lolo National Forest,lolo,http://www.fs.usda.gov/lolo,"101,29,34,33,31",https://www.fs.usda.gov/activity/lolo/recreation/camping-cabins
10177,10902,Los Padres National Forest,lpnf,http://www.fs.usda.gov/lpnf,"29,34",https://www.fs.usda.gov/activity/lpnf/recreation/camping-cabins
10170,11753,Lake Tahoe Basin Management Unit,ltbmu,http://www.fs.usda.gov/ltbmu,"101,29,34,33,31",https://www.fs.usda.gov/activity/ltbmu/recreation/camping-cabins
10179,39892,Malheur National Forest,malheur,http://www.fs.usda.gov/malheur,"101,29,34,33,31",https://www.fs.usda.gov/activity/malheur/recreation/camping-cabins
10180,72816,Manti-La Sal National Forest,mantilasal,http://www.fs.usda.gov/mantilasal,"101,29,34,33,31",https://www.fs.usda.gov/activity/mantilasal/recreation/camping-cabins
10183,22482,Medicine Bow-Routt National Forest,mbr,http://www.fs.usda.gov/mbr,"101,29,34,33,31",https://www.fs.usda.gov/activity/mbr/recreation/camping-cabins
10213,22482,Routt National Forest,mbr,https://www.fs.usda.gov/mbr,"101,29,34,33,31",https://www.fs.usda.gov/activity/mbr/recreation/camping-cabins
10237,22482,Thunder Basin National Grassland,mbr,https://www.fs.usda.gov/mbr,"101,29,34,33,31",https://www.fs.usda.gov/activity/mbr/recreation/camping-cabins
10189,17520,Mt. Baker-Snoqualmie National Forest,mbs,http://www.fs.usda.gov/mbs,"101,29,34,33",https://www.fs.usda.gov/activity/mbs/recreation/camping-cabins
10184,25120,Mendocino National Forest,mendocino,http://www.fs.usda.gov/mendocino,"101,29,34,33,31",https://www.fs.usda.gov/activity/mendocino/recreation/camping-cabins
10102,28787,Bienville National Forest,mississippi,https://www.fs.usda.gov/mississippi,"29,34,33,31",https://www.fs.usda.gov/activity/mississippi/recreation/camping-cabins
10134,28787,De Soto National Forest,mississippi,https://www.fs.usda.gov/mississippi,"29,34,33,31",https://www.fs.usda.gov/activity/mississippi/recreation/camping-cabins
10135,28787,Delta National Forest,mississippi,https://www.fs.usda.gov/mississippi,"29,34,33,31",https://www.fs.usda.gov/activity/mississippi/recreation/camping-cabins
10157,28787,Holly Springs National Forest,mississippi,https://www.fs.usda.gov/mississippi,"29,34,33,31",https://www.fs.usda.gov/activity/mississippi/recreation/camping-cabins
10158,28787,Homochitto National Forest,mississippi,https://www.fs.usda.gov/mississippi,"29,34,33,31",https://www.fs.usda.gov/activity/mississippi/recreation/camping-cabins
10238,28787,Tombigbee National Forest,mississippi,https://www.fs.usda.gov/mississippi,"29,34,33,31",https://www.fs.usda.gov/activity/mississippi/recreation/camping-cabins
10187,6979,Monongahela National Forest,mnf,http://www.fs.usda.gov/mnf,"101,29,34,33,31",https://www.fs.usda.gov/activity/mnf/recreation/camping-cabins
10186,71240,Modoc National Forest,modoc,http://www.fs.usda.gov/modoc,"29,34,31",https://www.fs.usda.gov/activity/modoc/recreation/camping-cabins
10190,52770,Mt. Hood National Forest,mthood,http://www.fs.usda.gov/mthood,"101,29,34,33,31",https://www.fs.usda.gov/activity/mthood/recreation/camping-cabins
10181,21644,Mark Twain National Forest,mtnf,http://www.fs.usda.gov/mtnf,"101,29,34,33,31",https://www.fs.usda.gov/activity/mtnf/recreation/camping-cabins
10109,10603,Buffalo Gap National Grassland,nebraska,https://www.fs.usda.gov/nebraska,"29,34,33,31",https://www.fs.usda.gov/activity/nebraska/recreation/camping-cabins
10143,10603,Fort Pierre National Grassland,nebraska,https://www.fs.usda.gov/nebraska,"29,34,33,31",https://www.fs.usda.gov/activity/nebraska/recreation/camping-cabins
10192,10603,Nebraska National Forest,nebraska,http://www.fs.usda.gov/nebraska,"29,34,33,31",https://www.fs.usda.gov/activity/nebraska/recreation/camping-cabins
10196,10603,Oglala National Grassland,nebraska,https://www.fs.usda.gov/nebraska,"29,34,33,31",https://www.fs.usda.gov/activity/nebraska/recreation/camping-cabins
10217,10603,Samuel R. McKelvie National Forest,nebraska,https://www.fs.usda.gov/nebraska,"29,34,33,31",https://www.fs.usda.gov/activity/nebraska/recreation/camping-cabins
10193,16470,Nez Perce-Clearwater National Forests,nezperceclearwater,https://www.fs.usda.gov/nezperceclearwater,"101,29,34,33,31",https://www.fs.usda.gov/activity/nezperceclearwater/recreation/camping-cabins
10128,48112,Croatan National Forest,nfsnc,https://www.fs.usda.gov/nfsnc,"101,29,34,33,31",https://www.fs.usda.gov/activity/nfsnc/recreation/camping-cabins
10191,48112,Nantahala National Forest,nfsnc,https://www.fs.usda.gov/nfsnc,"101,29,34,33,31",https://www.fs.usda.gov/activity/nfsnc/recreation/camping-cabins
10206,48112,Pisgah National  Forest,nfsnc,https://www.fs.usda.gov/nfsnc,"101,29,34,33,31",https://www.fs.usda.gov/activity/nfsnc/recreation/camping-cabins
10246,48112,Uwharrie National Forest,nfsnc,https://www.fs.usda.gov/nfsnc,"101,29,34,33,31",https://www.fs.usda.gov/activity/nfsnc/recreation/camping-cabins
10194,32295,Ocala National Forest,ocala,http://www.fs.usda.gov/ocala,"101,29,34,33,31",https://www.fs.usda.gov/activity/ocala/recreation/camping-cabins
10129,38272,Crooked River National Grassland,ochoco,https://www.fs.usda.gov/ochoco,"101,29,34,33,31",https://www.fs.usda.gov/activity/ochoco/recreation/camping-cabins
10195,38272,Ochoco National Forest,ochoco,http://www.fs.usda.gov/ochoco,"101,29,34,33,31",https://www.fs.usda.gov/activity/ochoco/recreation/camping-cabins
10197,57113,Okanogan-Wenatchee National Forest,okawen,http://www.fs.usda.gov/okawen,"101,29,34,33,31",https://www.fs.usda.gov/activity/okawen/recreation/camping-cabins
10198,47687,Olympic National Forest,olympic,http://www.fs.usda.gov/olympic,"101,29,34,33,31",https://www.fs.usda.gov/activity/olympic/recreation/camping-cabins
10199,41620,Osceola National Forest,osceola,http://www.fs.usda.gov/osceola,"29,34,33,31",https://www.fs.usda.gov/activity/osceola/recreation/camping-cabins
10202,43421,Ozark-St. Francis National Forest,osfnf,http://www.fs.usda.gov/osfnf,"101,29,34,33,31",https://www.fs.usda.gov/activity/osfnf/recreation/camping-cabins
10200,12303,Ottawa National Forest,ottawa,http://www.fs.usda.gov/ottawa,"101,29,34,33",https://www.fs.usda.gov/activity/ottawa/recreation/camping-cabins
10201,10712,Ouachita National Forest,ouachita,http://www.fs.usda.gov/ouachita,"101,29,33,31",https://www.fs.usda.gov/activity/ouachita/recreation/camping-cabins
10204,26865,Payette National Forest,payette,http://www.fs.usda.gov/payette,"101,29,34,33,31",https://www.fs.usda.gov/activity/payette/recreation/camping-cabins
10207,11182,Plumas National Forest,plumas,http://www.fs.usda.gov/plumas,"101,29,34,33,31",https://www.fs.usda.gov/activity/plumas/recreation/camping-cabins
10208,67155,Prescott National Forest,prescott,http://www.fs.usda.gov/prescott,"101,29,34,33,31",https://www.fs.usda.gov/activity/prescott/recreation/camping-cabins
10120,12403,Cimarron National Grassland,psicc,https://www.fs.usda.gov/psicc,"101,29,34,33,31",https://www.fs.usda.gov/activity/psicc/recreation/camping-cabins
10125,12403,Comanche National Grassland,psicc,https://www.fs.usda.gov/psicc,"101,29,34,33,31",https://www.fs.usda.gov/activity/psicc/recreation/camping-cabins
10205,12403,Pike and San Isabel National Forests,psicc,http://www.fs.usda.gov/psicc,"101,29,34,33,31",https://www.fs.usda.gov/activity/psicc/recreation/camping-cabins
10219,12403,San Isabel National Forest,psicc,https://www.fs.usda.gov/psicc,"101,29,34,33,31",https://www.fs.usda.gov/activity/psicc/recreation/camping-cabins
10209,28882,Rio Grande National Forest,riogrande,http://www.fs.usda.gov/riogrande,"101,29,34,33,31",https://www.fs.usda.gov/activity/riogrande/recreation/camping-cabins
10211,69400,Rogue River-Siskiyou National Forest,rogue-siskiyou,http://www.fs.usda.gov/rogue-siskiyou,"101,29,34,33,31",https://www.fs.usda.gov/activity/rogue-siskiyou/recreation/camping-cabins
10220,42728,San Juan National Forest,sanjuan,http://www.fs.usda.gov/sanjuan,"29,34,33,31",https://www.fs.usda.gov/activity/sanjuan/recreation/camping-cabins
10221,75436,Santa Fe National Forest,santafe,http://www.fs.usda.gov/santafe,"101,29,33,31",https://www.fs.usda.gov/activity/santafe/recreation/camping-cabins
10223,5768,Sawtooth National Forest,sawtooth,http://www.fs.usda.gov/sawtooth,"101,29,34,33,31",https://www.fs.usda.gov/activity/sawtooth/recreation/camping-cabins
10224,5768,Sawtooth National Recreational Area,sawtooth,http://www.fs.usda.gov/sawtooth,"101,29,34,33,31",https://www.fs.usda.gov/activity/sawtooth/recreation/camping-cabins
10218,26225,San Bernardino National Forest,sbnf,http://www.fs.usda.gov/sbnf,"29,34,33",https://www.fs.usda.gov/activity/sbnf/recreation/camping-cabins
10215,76008,Salmon-Challis National Forest,scnf,http://www.fs.usda.gov/scnf,"101,29,34,33,31",https://www.fs.usda.gov/activity/scnf/recreation/camping-cabins
10144,47051,Francis Marion and Sumter National Forests,scnfs,http://www.fs.usda.gov/scnfs,"29,34,33,31",https://www.fs.usda.gov/activity/scnfs/recreation/camping-cabins
10225,79563,Sequoia National Forest,sequoia,http://www.fs.usda.gov/sequoia,"101,29,34,33",https://www.fs.usda.gov/activity/sequoia/recreation/camping-cabins
10227,10669,Shawnee National Forest,shawnee,https://www.fs.usda.gov/shawnee,"29,34,33,31",https://www.fs.usda.gov/activity/shawnee/recreation/camping-cabins
10229,35807,Shoshone National Forest,shoshone,http://www.fs.usda.gov/shoshone,"101,29,34,33",https://www.fs.usda.gov/activity/shoshone/recreation/camping-cabins
10230,45420,Sierra National Forest,sierra,http://www.fs.usda.gov/sierra,"101,29,34,33",https://www.fs.usda.gov/activity/sierra/recreation/camping-cabins
10231,42257,Siuslaw National Forest,siuslaw,http://www.fs.usda.gov/siuslaw,"29,34,33,31",https://www.fs.usda.gov/activity/siuslaw/recreation/camping-cabins
10232,11438,Six Rivers National Forest,srnf,http://www.fs.usda.gov/srnf,"101,29,34,33,31",https://www.fs.usda.gov/activity/srnf/recreation/camping-cabins
10233,14833,Stanislaus National Forest,stanislaus,http://www.fs.usda.gov/stanislaus,"29,34,33,31",https://www.fs.usda.gov/activity/stanislaus/recreation/camping-cabins
10226,6418,Shasta-Trinity National Forest,stnf,http://www.fs.usda.gov/stnf,"101,29,34,33,31",https://www.fs.usda.gov/activity/stnf/recreation/camping-cabins
10234,36905,Superior National Forest,superior,http://www.fs.usda.gov/superior,"101,29,34,33,31",https://www.fs.usda.gov/activity/superior/recreation/camping-cabins
10235,55444,Tahoe National Forest,tahoe,http://www.fs.usda.gov/tahoe,"101,29,34,33,31",https://www.fs.usda.gov/activity/tahoe/recreation/camping-cabins
10096,30198,Angelina National Forest,texas,https://www.fs.usda.gov/texas,"29,34,33,31",https://www.fs.usda.gov/activity/texas/recreation/camping-cabins
10110,30198,Caddo National Grassland,texas,https://www.fs.usda.gov/texas,"29,34,33,31",https://www.fs.usda.gov/activity/texas/recreation/camping-cabins
10133,30198,Davvy Crockett National Forest,texas,https://www.fs.usda.gov/texas,"29,34,33,31",https://www.fs.usda.gov/activity/texas/recreation/camping-cabins
10178,30198,Lyndon B. Johnson National Grassland,texas,https://www.fs.usda.gov/texas,"29,34,33,31",https://www.fs.usda.gov/activity/texas/recreation/camping-cabins
10214,30198,Sabine National Forest,texas,https://www.fs.usda.gov/texas,"29,34,33,31",https://www.fs.usda.gov/activity/texas/recreation/camping-cabins
10216,30198,Sam Houston National Forest,texas,https://www.fs.usda.gov/texas,"29,34,33,31",https://www.fs.usda.gov/activity/texas/recreation/camping-cabins
10239,78613,Tongass National Forest,tongass,http://www.fs.usda.gov/tongass,"101,29,34,33,31",https://www.fs.usda.gov/activity/tongass/recreation/camping-cabins
10240,35199,Tonto National Forest,tonto,http://www.fs.usda.gov/tonto,"29,34,33,31",https://www.fs.usda.gov/activity/tonto/recreation/camping-cabins
10243,56399,Umatilla National Forest,umatilla,http://www.fs.usda.gov/umatilla,"101,29,34,33,31",https://www.fs.usda.gov/activity/umatilla/recreation/camping-cabins
10244,63372,Umpqua National Forest,umpqua,http://www.fs.usda.gov/umpqua,"101,29,34,33,31",https://www.fs.usda.gov/activity/umpqua/recreation/camping-cabins
10242,8980,Uinta-Wasatch-Cache National Forest,uwcnf,http://www.fs.usda.gov/uwcnf,"101,29,33,31",https://www.fs.usda.gov/activity/uwcnf/recreation/camping-cabins
10155,51353,Hells Canyon National Recreational Area,wallowa-whitman,https://www.fs.usda.gov/wallowa-whitman,"101,29,34,33,31",https://www.fs.usda.gov/activity/wallowa-whitman/recreation/camping-cabins
10247,51353,Wallowa-Whitman National Forest,wallowa-whitman,http://www.fs.usda.gov/wallowa-whitman,"101,29,34,33,31",https://www.fs.usda.gov/activity/wallowa-whitman/recreation/camping-cabins
10248,6203,Wayne National Forest,wayne,http://www.fs.usda.gov/wayne,"29,34,33,31",https://www.fs.usda.gov/activity/wayne/recreation/camping-cabins
10249,74405,White Mountain National Forest,whitemountain,http://www.fs.usda.gov/whitemountain,"101,29,34,33",https://www.fs.usda.gov/activity/whitemountain/recreation/camping-cabins
10250,40405,White River National Forest,whiteriver,http://www.fs.usda.gov/whiteriver,"101,29,34,33,31",https://www.fs.usda.gov/activity/whiteriver/recreation/camping-cabins
10251,4206,Willamette National Forest,willamette,http://www.fs.usda.gov/willamette,"101,29,34,33,31",https://www.fs.usda.gov/activity/willamette/recreation/camping-cabins